Topic,comp_role,Year,weight,word_category
1,fi_306+servicer,2002,0.1897,1
1,fi_306+servicer,2003,0.1918,1
1,fi_306+servicer,2004,0.1951,1
1,fi_306+servicer,2005,0.1985,1
1,fi_306+servicer,2006,0.2016,1
1,fi_306+servicer,2007,0.2029,1
1,fi_306+servicer,2008,0.2037,1
2,fi_147+seller,2002,0.2245,1
2,fi_147+servicer,2003,0.2216,1
2,fi_147+servicer,2004,0.2153,1
2,fi_147+servicer,2005,0.2047,1
2,fi_147+servicer,2006,0.1924,1
2,fi_147+depositor,2007,0.1872,1
2,fi_147+depositor,2008,0.1877,1
3,fi_127+depositor,2002,0.1163,1
3,fi_127+depositor,2003,0.1161,1
3,fi_127+depositor,2004,0.1158,1
3,fi_127+depositor,2005,0.1152,1
3,fi_127+depositor,2006,0.1141,1
3,fi_127+depositor,2007,0.1135,1
3,fi_127+depositor,2008,0.1135,1
4,fi_31+servicer,2002,0.3018,1
4,fi_31+servicer,2003,0.2937,1
4,fi_31+servicer,2004,0.2684,1
4,fi_31+servicer,2005,0.2248,1
4,fi_31+servicer,2006,0.1842,1
4,fi_31+servicer,2007,0.1634,1
4,fi_31+servicer,2008,0.1551,1
5,fi_210+servicer,2002,0.1815,1
5,fi_210+servicer,2003,0.1777,1
5,fi_210+servicer,2004,0.1721,1
5,fi_210+servicer,2005,0.1585,1
5,fi_210+servicer,2006,0.1397,1
5,fi_210+servicer,2007,0.1334,1
5,fi_210+servicer,2008,0.134,1
6,fi_308+trustee,2002,0.1139,1
6,fi_308+trustee,2003,0.1121,1
6,fi_308+trustee,2004,0.1089,1
6,fi_308+trustee,2005,0.1011,1
6,fi_308+trustee,2006,0.0957,1
6,fi_308+trustee,2007,0.0939,1
6,fi_308+trustee,2008,0.0938,1
7,fi_71+servicer,2002,0.2155,1
7,fi_71+servicer,2003,0.2189,1
7,fi_71+servicer,2004,0.2223,1
7,fi_71+servicer,2005,0.2237,1
7,fi_71+servicer,2006,0.2254,1
7,fi_71+servicer,2007,0.2253,1
7,fi_71+servicer,2008,0.2242,1
8,fi_34+depositor,2002,0.2513,1
8,fi_34+depositor,2003,0.2233,1
8,fi_34+depositor,2004,0.1974,1
8,fi_34+depositor,2005,0.1777,1
8,fi_34+depositor,2006,0.1614,1
8,fi_34+depositor,2007,0.1514,1
8,fi_34+depositor,2008,0.149,1
9,fi_82+seller,2002,0.078,1
9,fi_306+servicer,2003,0.0756,1
9,fi_306+servicer,2004,0.077,1
9,fi_306+servicer,2005,0.08,1
9,fi_306+servicer,2006,0.0808,1
9,fi_306+servicer,2007,0.083,1
9,fi_306+servicer,2008,0.0831,1
10,fi_248+servicer,2002,0.1176,1
10,fi_248+servicer,2003,0.1194,1
10,fi_248+servicer,2004,0.1234,1
10,fi_248+servicer,2005,0.1182,1
10,fi_248+servicer,2006,0.1072,1
10,fi_248+servicer,2007,0.1028,1
10,fi_248+servicer,2008,0.1029,1
11,fi_171+depositor,2002,0.204,1
11,fi_171+depositor,2003,0.2047,1
11,fi_171+depositor,2004,0.1987,1
11,fi_171+depositor,2005,0.1882,1
11,fi_171+depositor,2006,0.1775,1
11,fi_171+depositor,2007,0.1786,1
11,fi_171+depositor,2008,0.1792,1
12,fi_177+depositor,2002,0.132,1
12,fi_177+depositor,2003,0.1309,1
12,fi_177+depositor,2004,0.1282,1
12,fi_177+depositor,2005,0.1339,1
12,fi_177+depositor,2006,0.1364,1
12,fi_177+depositor,2007,0.1343,1
12,fi_177+depositor,2008,0.1341,1
13,fi_262+seller,2002,0.2669,1
13,fi_262+seller,2003,0.2515,1
13,fi_262+seller,2004,0.226,1
13,fi_262+seller,2005,0.2079,1
13,fi_262+seller,2006,0.1958,1
13,fi_262+seller,2007,0.1963,1
13,fi_262+seller,2008,0.1973,1
14,fi_146+servicer,2002,0.2647,1
14,fi_146+servicer,2003,0.256,1
14,fi_146+servicer,2004,0.2368,1
14,fi_146+servicer,2005,0.2141,1
14,fi_146+servicer,2006,0.1958,1
14,fi_146+servicer,2007,0.1888,1
14,fi_146+servicer,2008,0.1879,1
15,fi_125+servicer,2002,0.105,1
15,fi_125+servicer,2003,0.1107,1
15,fi_125+servicer,2004,0.1229,1
15,fi_125+servicer,2005,0.1316,1
15,fi_125+servicer,2006,0.1378,1
15,fi_125+servicer,2007,0.1406,1
15,fi_125+servicer,2008,0.1406,1
16,fi_22+servicer,2002,0.1442,1
16,fi_22+servicer,2003,0.1401,1
16,fi_22+servicer,2004,0.1332,1
16,fi_22+servicer,2005,0.1288,1
16,fi_22+servicer,2006,0.1281,1
16,fi_22+servicer,2007,0.1274,1
16,fi_22+servicer,2008,0.1275,1
17,fi_79+servicer,2002,0.2297,1
17,fi_79+servicer,2003,0.2282,1
17,fi_79+servicer,2004,0.2214,1
17,fi_79+servicer,2005,0.2131,1
17,fi_137+servicer,2006,0.2119,1
17,fi_137+servicer,2007,0.2294,1
17,fi_137+servicer,2008,0.2362,1
18,fi_306+servicer,2002,0.1668,1
18,fi_306+servicer,2003,0.1669,1
18,fi_306+servicer,2004,0.1652,1
18,fi_306+servicer,2005,0.1637,1
18,fi_306+servicer,2006,0.1572,1
18,fi_306+servicer,2007,0.1566,1
18,fi_306+servicer,2008,0.1573,1
19,fi_41+issuer,2002,0.1611,1
19,fi_41+issuer,2003,0.1551,1
19,fi_41+issuer,2004,0.144,1
19,fi_41+depositor,2005,0.139,1
19,fi_87+servicer,2006,0.1326,1
19,fi_87+servicer,2007,0.1354,1
19,fi_87+servicer,2008,0.136,1
20,fi_34+servicer,2002,0.264,1
20,fi_34+servicer,2003,0.248,1
20,fi_34+servicer,2004,0.2289,1
20,fi_33+depositor,2005,0.2249,1
20,fi_33+depositor,2006,0.2368,1
20,fi_33+depositor,2007,0.2393,1
20,fi_33+depositor,2008,0.2413,1
21,fi_74+issuer,2002,0.1377,1
21,fi_74+issuer,2003,0.1329,1
21,fi_74+issuer,2004,0.1223,1
21,fi_306+servicer,2005,0.1201,1
21,fi_306+servicer,2006,0.1219,1
21,fi_306+servicer,2007,0.1221,1
21,fi_306+servicer,2008,0.1221,1
22,fi_107+depositor,2002,0.1877,1
22,fi_107+depositor,2003,0.1864,1
22,fi_107+depositor,2004,0.1811,1
22,fi_107+depositor,2005,0.1742,1
22,fi_107+depositor,2006,0.1687,1
22,fi_107+depositor,2007,0.1653,1
22,fi_107+depositor,2008,0.1653,1
23,fi_306+servicer,2002,0.109,1
23,fi_306+servicer,2003,0.1105,1
23,fi_306+servicer,2004,0.111,1
23,fi_306+servicer,2005,0.1074,1
23,fi_165+issuer,2006,0.1239,1
23,fi_165+issuer,2007,0.1316,1
23,fi_165+issuer,2008,0.1317,1
24,fi_230+depositor,2002,0.192,1
24,fi_230+depositor,2003,0.1877,1
24,fi_230+depositor,2004,0.1765,1
24,fi_230+depositor,2005,0.1648,1
24,fi_230+depositor,2006,0.1566,1
24,fi_270+servicer,2007,0.1624,1
24,fi_270+servicer,2008,0.1557,1
25,fi_138+issuer,2002,0.1206,1
25,fi_138+issuer,2003,0.1246,1
25,fi_138+issuer,2004,0.125,1
25,fi_138+issuer,2005,0.1314,1
25,fi_138+issuer,2006,0.1368,1
25,fi_138+issuer,2007,0.1399,1
25,fi_138+issuer,2008,0.1399,1
26,fi_306+seller,2002,0.2865,1
26,fi_306+seller,2003,0.268,1
26,fi_306+seller,2004,0.2532,1
26,fi_306+seller,2005,0.2468,1
26,fi_306+seller,2006,0.2491,1
26,fi_306+seller,2007,0.2533,1
26,fi_306+seller,2008,0.2552,1
27,fi_306+servicer,2002,0.2791,1
27,fi_306+servicer,2003,0.2769,1
27,fi_306+servicer,2004,0.2767,1
27,fi_306+servicer,2005,0.2834,1
27,fi_306+servicer,2006,0.2803,1
27,fi_306+servicer,2007,0.2759,1
27,fi_306+servicer,2008,0.2753,1
28,fi_306+servicer,2002,0.1528,1
28,fi_306+servicer,2003,0.1537,1
28,fi_306+servicer,2004,0.1539,1
28,fi_306+servicer,2005,0.1534,1
28,fi_306+servicer,2006,0.1484,1
28,fi_306+servicer,2007,0.146,1
28,fi_306+servicer,2008,0.145,1
29,fi_306+servicer,2002,0.0942,1
29,fi_306+servicer,2003,0.0947,1
29,fi_306+servicer,2004,0.0949,1
29,fi_306+servicer,2005,0.0958,1
29,fi_306+servicer,2006,0.0926,1
29,fi_306+servicer,2007,0.0936,1
29,fi_306+servicer,2008,0.0936,1
30,fi_226+depositor,2002,0.1364,1
30,fi_226+depositor,2003,0.1408,1
30,fi_226+depositor,2004,0.1427,1
30,fi_226+depositor,2005,0.1409,1
30,fi_226+depositor,2006,0.1425,1
30,fi_226+depositor,2007,0.1462,1
30,fi_226+depositor,2008,0.1462,1
1,fi_306+custodian,2002,0.1897,2
1,fi_306+custodian,2003,0.1918,2
1,fi_306+custodian,2004,0.1951,2
1,fi_306+custodian,2005,0.1985,2
1,fi_306+custodian,2006,0.2016,2
1,fi_306+custodian,2007,0.2029,2
1,fi_306+custodian,2008,0.2037,2
2,fi_147+servicer,2002,0.2245,2
2,fi_147+seller,2003,0.2216,2
2,fi_147+seller,2004,0.2153,2
2,fi_147+depositor,2005,0.2047,2
2,fi_147+depositor,2006,0.1924,2
2,fi_147+servicer,2007,0.1872,2
2,fi_147+servicer,2008,0.1877,2
3,fi_127+sponsor,2002,0.1163,2
3,fi_127+sponsor,2003,0.1161,2
3,fi_127+sponsor,2004,0.1158,2
3,fi_127+sponsor,2005,0.1152,2
3,fi_127+sponsor,2006,0.1141,2
3,fi_306+servicer,2007,0.1135,2
3,fi_306+servicer,2008,0.1135,2
4,fi_157+seller,2002,0.3018,2
4,fi_157+seller,2003,0.2937,2
4,fi_157+seller,2004,0.2684,2
4,fi_157+seller,2005,0.2248,2
4,fi_157+seller,2006,0.1842,2
4,fi_157+seller,2007,0.1634,2
4,fi_157+seller,2008,0.1551,2
5,fi_210+originator,2002,0.1815,2
5,fi_210+originator,2003,0.1777,2
5,fi_210+originator,2004,0.1721,2
5,fi_210+originator,2005,0.1585,2
5,fi_210+originator,2006,0.1397,2
5,fi_210+originator,2007,0.1334,2
5,fi_210+originator,2008,0.134,2
6,fi_18+servicer,2002,0.1139,2
6,fi_18+servicer,2003,0.1121,2
6,fi_18+servicer,2004,0.1089,2
6,fi_18+servicer,2005,0.1011,2
6,fi_18+servicer,2006,0.0957,2
6,fi_18+servicer,2007,0.0939,2
6,fi_18+servicer,2008,0.0938,2
7,fi_71+seller,2002,0.2155,2
7,fi_71+seller,2003,0.2189,2
7,fi_71+seller,2004,0.2223,2
7,fi_71+depositor,2005,0.2237,2
7,fi_71+depositor,2006,0.2254,2
7,fi_71+sponsor,2007,0.2253,2
7,fi_71+sponsor,2008,0.2242,2
8,fi_35+trustee,2002,0.2513,2
8,fi_35+trustee,2003,0.2233,2
8,fi_35+trustee,2004,0.1974,2
8,fi_35+trustee,2005,0.1777,2
8,fi_35+trustee,2006,0.1614,2
8,fi_35+trustee,2007,0.1514,2
8,fi_35+trustee,2008,0.149,2
9,fi_306+servicer,2002,0.078,2
9,fi_82+seller,2003,0.0756,2
9,fi_82+seller,2004,0.077,2
9,fi_82+seller,2005,0.08,2
9,fi_82+seller,2006,0.0808,2
9,fi_82+seller,2007,0.083,2
9,fi_82+seller,2008,0.0831,2
10,fi_159+servicer,2002,0.1176,2
10,fi_159+servicer,2003,0.1194,2
10,fi_159+servicer,2004,0.1234,2
10,fi_159+servicer,2005,0.1182,2
10,fi_159+servicer,2006,0.1072,2
10,fi_159+servicer,2007,0.1028,2
10,fi_129+depositor,2008,0.1029,2
11,fi_171+issuer,2002,0.204,2
11,fi_171+issuer,2003,0.2047,2
11,fi_171+issuer,2004,0.1987,2
11,fi_171+issuer,2005,0.1882,2
11,fi_171+issuer,2006,0.1775,2
11,fi_171+issuer,2007,0.1786,2
11,fi_171+issuer,2008,0.1792,2
12,fi_177+seller,2002,0.132,2
12,fi_177+seller,2003,0.1309,2
12,fi_177+seller,2004,0.1282,2
12,fi_177+issuer,2005,0.1339,2
12,fi_177+issuer,2006,0.1364,2
12,fi_177+issuer,2007,0.1343,2
12,fi_177+issuer,2008,0.1341,2
13,fi_88+originator,2002,0.2669,2
13,fi_88+originator,2003,0.2515,2
13,fi_88+originator,2004,0.226,2
13,fi_88+originator,2005,0.2079,2
13,fi_88+originator,2006,0.1958,2
13,fi_88+originator,2007,0.1963,2
13,fi_88+originator,2008,0.1973,2
14,fi_146+seller,2002,0.2647,2
14,fi_146+seller,2003,0.256,2
14,fi_146+seller,2004,0.2368,2
14,fi_146+seller,2005,0.2141,2
14,fi_146+seller,2006,0.1958,2
14,fi_146+seller,2007,0.1888,2
14,fi_146+seller,2008,0.1879,2
15,fi_193+depositor,2002,0.105,2
15,fi_193+depositor,2003,0.1107,2
15,fi_193+depositor,2004,0.1229,2
15,fi_193+depositor,2005,0.1316,2
15,fi_193+depositor,2006,0.1378,2
15,fi_193+depositor,2007,0.1406,2
15,fi_193+depositor,2008,0.1406,2
16,fi_22+seller,2002,0.1442,2
16,fi_22+seller,2003,0.1401,2
16,fi_22+seller,2004,0.1332,2
16,fi_22+seller,2005,0.1288,2
16,fi_22+seller,2006,0.1281,2
16,fi_22+seller,2007,0.1274,2
16,fi_22+seller,2008,0.1275,2
17,fi_137+servicer,2002,0.2297,2
17,fi_137+servicer,2003,0.2282,2
17,fi_137+servicer,2004,0.2214,2
17,fi_137+servicer,2005,0.2131,2
17,fi_79+servicer,2006,0.2119,2
17,fi_79+servicer,2007,0.2294,2
17,fi_79+servicer,2008,0.2362,2
18,fi_306+securities-administrator,2002,0.1668,2
18,fi_306+securities-administrator,2003,0.1669,2
18,fi_306+securities-administrator,2004,0.1652,2
18,fi_306+securities-administrator,2005,0.1637,2
18,fi_306+securities-administrator,2006,0.1572,2
18,fi_306+securities-administrator,2007,0.1566,2
18,fi_306+securities-administrator,2008,0.1573,2
19,fi_41+depositor,2002,0.1611,2
19,fi_41+depositor,2003,0.1551,2
19,fi_41+depositor,2004,0.144,2
19,fi_41+issuer,2005,0.139,2
19,fi_41+issuer,2006,0.1326,2
19,fi_41+issuer,2007,0.1354,2
19,fi_41+issuer,2008,0.136,2
20,fi_34+seller,2002,0.264,2
20,fi_34+seller,2003,0.248,2
20,fi_33+depositor,2004,0.2289,2
20,fi_34+servicer,2005,0.2249,2
20,fi_34+servicer,2006,0.2368,2
20,fi_34+servicer,2007,0.2393,2
20,fi_34+servicer,2008,0.2413,2
21,fi_306+servicer,2002,0.1377,2
21,fi_306+servicer,2003,0.1329,2
21,fi_306+servicer,2004,0.1223,2
21,fi_74+depositor,2005,0.1201,2
21,fi_74+depositor,2006,0.1219,2
21,fi_74+depositor,2007,0.1221,2
21,fi_74+depositor,2008,0.1221,2
22,fi_138+servicer,2002,0.1877,2
22,fi_138+servicer,2003,0.1864,2
22,fi_138+servicer,2004,0.1811,2
22,fi_138+servicer,2005,0.1742,2
22,fi_138+servicer,2006,0.1687,2
22,fi_138+servicer,2007,0.1653,2
22,fi_138+servicer,2008,0.1653,2
23,fi_165+issuer,2002,0.109,2
23,fi_165+issuer,2003,0.1105,2
23,fi_165+issuer,2004,0.111,2
23,fi_165+issuer,2005,0.1074,2
23,fi_306+servicer,2006,0.1239,2
23,fi_306+servicer,2007,0.1316,2
23,fi_306+servicer,2008,0.1317,2
24,fi_230+issuer,2002,0.192,2
24,fi_230+issuer,2003,0.1877,2
24,fi_230+issuer,2004,0.1765,2
24,fi_270+servicer,2005,0.1648,2
24,fi_270+servicer,2006,0.1566,2
24,fi_230+depositor,2007,0.1624,2
24,fi_230+depositor,2008,0.1557,2
25,fi_6+servicer,2002,0.1206,2
25,fi_6+servicer,2003,0.1246,2
25,fi_6+servicer,2004,0.125,2
25,fi_6+servicer,2005,0.1314,2
25,fi_6+servicer,2006,0.1368,2
25,fi_6+servicer,2007,0.1399,2
25,fi_6+servicer,2008,0.1399,2
26,fi_306+servicer,2002,0.2865,2
26,fi_306+servicer,2003,0.268,2
26,fi_306+servicer,2004,0.2532,2
26,fi_306+servicer,2005,0.2468,2
26,fi_306+servicer,2006,0.2491,2
26,fi_306+servicer,2007,0.2533,2
26,fi_306+servicer,2008,0.2552,2
27,fi_306+securities-administrator,2002,0.2791,2
27,fi_306+securities-administrator,2003,0.2769,2
27,fi_306+securities-administrator,2004,0.2767,2
27,fi_306+securities-administrator,2005,0.2834,2
27,fi_306+securities-administrator,2006,0.2803,2
27,fi_306+securities-administrator,2007,0.2759,2
27,fi_306+securities-administrator,2008,0.2753,2
28,fi_181+servicer,2002,0.1528,2
28,fi_153+servicer,2003,0.1537,2
28,fi_153+servicer,2004,0.1539,2
28,fi_153+servicer,2005,0.1534,2
28,fi_306+securities-administrator,2006,0.1484,2
28,fi_306+securities-administrator,2007,0.146,2
28,fi_306+securities-administrator,2008,0.145,2
29,fi_62+depositor,2002,0.0942,2
29,fi_62+depositor,2003,0.0947,2
29,fi_62+depositor,2004,0.0949,2
29,fi_62+depositor,2005,0.0958,2
29,fi_62+depositor,2006,0.0926,2
29,fi_62+depositor,2007,0.0936,2
29,fi_62+depositor,2008,0.0936,2
30,fi_72+depositor,2002,0.1364,2
30,fi_72+depositor,2003,0.1408,2
30,fi_72+depositor,2004,0.1427,2
30,fi_72+depositor,2005,0.1409,2
30,fi_72+depositor,2006,0.1425,2
30,fi_72+depositor,2007,0.1462,2
30,fi_72+depositor,2008,0.1462,2
1,fi_141+trustee,2002,0.1897,3
1,fi_141+trustee,2003,0.1918,3
1,fi_141+trustee,2004,0.1951,3
1,fi_141+trustee,2005,0.1985,3
1,fi_306+sponsor,2006,0.2016,3
1,fi_306+sponsor,2007,0.2029,3
1,fi_306+sponsor,2008,0.2037,3
2,fi_147+depositor,2002,0.2245,3
2,fi_147+depositor,2003,0.2216,3
2,fi_147+depositor,2004,0.2153,3
2,fi_147+seller,2005,0.2047,3
2,fi_147+seller,2006,0.1924,3
2,fi_147+seller,2007,0.1872,3
2,fi_147+seller,2008,0.1877,3
3,fi_306+servicer,2002,0.1163,3
3,fi_306+servicer,2003,0.1161,3
3,fi_306+servicer,2004,0.1158,3
3,fi_306+servicer,2005,0.1152,3
3,fi_306+servicer,2006,0.1141,3
3,fi_127+sponsor,2007,0.1135,3
3,fi_127+sponsor,2008,0.1135,3
4,fi_262+depositor,2002,0.3018,3
4,fi_262+depositor,2003,0.2937,3
4,fi_262+depositor,2004,0.2684,3
4,fi_262+depositor,2005,0.2248,3
4,fi_157+sponsor,2006,0.1842,3
4,fi_157+sponsor,2007,0.1634,3
4,fi_157+sponsor,2008,0.1551,3
5,fi_209+seller,2002,0.1815,3
5,fi_209+seller,2003,0.1777,3
5,fi_209+seller,2004,0.1721,3
5,fi_209+seller,2005,0.1585,3
5,fi_209+seller,2006,0.1397,3
5,fi_209+seller,2007,0.1334,3
5,fi_209+seller,2008,0.134,3
6,fi_101+custodian,2002,0.1139,3
6,fi_101+custodian,2003,0.1121,3
6,fi_101+custodian,2004,0.1089,3
6,fi_18+issuer,2005,0.1011,3
6,fi_18+issuer,2006,0.0957,3
6,fi_18+issuer,2007,0.0939,3
6,fi_18+issuer,2008,0.0938,3
7,fi_72+depositor,2002,0.2155,3
7,fi_72+depositor,2003,0.2189,3
7,fi_71+depositor,2004,0.2223,3
7,fi_71+seller,2005,0.2237,3
7,fi_71+seller,2006,0.2254,3
7,fi_71+depositor,2007,0.2253,3
7,fi_71+depositor,2008,0.2242,3
8,fi_34+issuer,2002,0.2513,3
8,fi_34+issuer,2003,0.2233,3
8,fi_34+issuer,2004,0.1974,3
8,fi_34+issuer,2005,0.1777,3
8,fi_34+issuer,2006,0.1614,3
8,fi_34+issuer,2007,0.1514,3
8,fi_34+issuer,2008,0.149,3
9,fi_249+depositor,2002,0.078,3
9,fi_249+depositor,2003,0.0756,3
9,fi_249+depositor,2004,0.077,3
9,fi_249+depositor,2005,0.08,3
9,fi_73+depositor,2006,0.0808,3
9,fi_73+depositor,2007,0.083,3
9,fi_73+depositor,2008,0.0831,3
10,fi_107+depositor,2002,0.1176,3
10,fi_107+depositor,2003,0.1194,3
10,fi_107+depositor,2004,0.1234,3
10,fi_129+depositor,2005,0.1182,3
10,fi_129+depositor,2006,0.1072,3
10,fi_129+depositor,2007,0.1028,3
10,fi_159+servicer,2008,0.1029,3
11,fi_171+seller,2002,0.204,3
11,fi_171+seller,2003,0.2047,3
11,fi_171+seller,2004,0.1987,3
11,fi_171+seller,2005,0.1882,3
11,fi_171+sponsor,2006,0.1775,3
11,fi_171+sponsor,2007,0.1786,3
11,fi_171+sponsor,2008,0.1792,3
12,fi_177+issuer,2002,0.132,3
12,fi_177+issuer,2003,0.1309,3
12,fi_177+issuer,2004,0.1282,3
12,fi_177+seller,2005,0.1339,3
12,fi_177+seller,2006,0.1364,3
12,fi_177+sponsor,2007,0.1343,3
12,fi_177+sponsor,2008,0.1341,3
13,fi_91+trustee,2002,0.2669,3
13,fi_91+trustee,2003,0.2515,3
13,fi_91+trustee,2004,0.226,3
13,fi_91+trustee,2005,0.2079,3
13,fi_91+trustee,2006,0.1958,3
13,fi_91+trustee,2007,0.1963,3
13,fi_91+trustee,2008,0.1973,3
14,fi_71+servicer,2002,0.2647,3
14,fi_71+servicer,2003,0.256,3
14,fi_71+servicer,2004,0.2368,3
14,fi_71+servicer,2005,0.2141,3
14,fi_71+servicer,2006,0.1958,3
14,fi_71+servicer,2007,0.1888,3
14,fi_71+servicer,2008,0.1879,3
15,fi_193+issuer,2002,0.105,3
15,fi_193+issuer,2003,0.1107,3
15,fi_193+issuer,2004,0.1229,3
15,fi_193+issuer,2005,0.1316,3
15,fi_193+issuer,2006,0.1378,3
15,fi_193+issuer,2007,0.1406,3
15,fi_193+issuer,2008,0.1406,3
16,fi_22+depositor,2002,0.1442,3
16,fi_51+depositor,2003,0.1401,3
16,fi_51+depositor,2004,0.1332,3
16,fi_51+depositor,2005,0.1288,3
16,fi_51+depositor,2006,0.1281,3
16,fi_51+depositor,2007,0.1274,3
16,fi_51+depositor,2008,0.1275,3
17,fi_51+depositor,2002,0.2297,3
17,fi_51+depositor,2003,0.2282,3
17,fi_51+depositor,2004,0.2214,3
17,fi_51+depositor,2005,0.2131,3
17,fi_51+depositor,2006,0.2119,3
17,fi_51+depositor,2007,0.2294,3
17,fi_51+depositor,2008,0.2362,3
18,fi_8+depositor,2002,0.1668,3
18,fi_8+depositor,2003,0.1669,3
18,fi_8+depositor,2004,0.1652,3
18,fi_8+depositor,2005,0.1637,3
18,fi_8+depositor,2006,0.1572,3
18,fi_8+depositor,2007,0.1566,3
18,fi_8+depositor,2008,0.1573,3
19,fi_87+servicer,2002,0.1611,3
19,fi_87+servicer,2003,0.1551,3
19,fi_87+servicer,2004,0.144,3
19,fi_87+servicer,2005,0.139,3
19,fi_41+depositor,2006,0.1326,3
19,fi_87+sponsor,2007,0.1354,3
19,fi_87+sponsor,2008,0.136,3
20,fi_33+depositor,2002,0.264,3
20,fi_33+depositor,2003,0.248,3
20,fi_34+seller,2004,0.2289,3
20,fi_34+seller,2005,0.2249,3
20,fi_33+issuer,2006,0.2368,3
20,fi_33+issuer,2007,0.2393,3
20,fi_33+issuer,2008,0.2413,3
21,fi_74+depositor,2002,0.1377,3
21,fi_74+depositor,2003,0.1329,3
21,fi_74+depositor,2004,0.1223,3
21,fi_74+issuer,2005,0.1201,3
21,fi_74+issuer,2006,0.1219,3
21,fi_74+issuer,2007,0.1221,3
21,fi_306+trustee,2008,0.1221,3
22,fi_109+originator,2002,0.1877,3
22,fi_109+originator,2003,0.1864,3
22,fi_109+originator,2004,0.1811,3
22,fi_109+originator,2005,0.1742,3
22,fi_306+trustee,2006,0.1687,3
22,fi_109+originator,2007,0.1653,3
22,fi_109+originator,2008,0.1653,3
23,fi_129+depositor,2002,0.109,3
23,fi_129+depositor,2003,0.1105,3
23,fi_129+depositor,2004,0.111,3
23,fi_129+depositor,2005,0.1074,3
23,fi_129+depositor,2006,0.1239,3
23,fi_129+depositor,2007,0.1316,3
23,fi_129+depositor,2008,0.1317,3
24,fi_270+servicer,2002,0.192,3
24,fi_270+servicer,2003,0.1877,3
24,fi_270+servicer,2004,0.1765,3
24,fi_230+issuer,2005,0.1648,3
24,fi_230+issuer,2006,0.1566,3
24,fi_230+issuer,2007,0.1624,3
24,fi_230+issuer,2008,0.1557,3
25,fi_6+sponsor,2002,0.1206,3
25,fi_6+sponsor,2003,0.1246,3
25,fi_6+sponsor,2004,0.125,3
25,fi_6+sponsor,2005,0.1314,3
25,fi_6+sponsor,2006,0.1368,3
25,fi_6+sponsor,2007,0.1399,3
25,fi_6+sponsor,2008,0.1399,3
26,fi_306+issuer,2002,0.2865,3
26,fi_306+issuer,2003,0.268,3
26,fi_306+issuer,2004,0.2532,3
26,fi_306+issuer,2005,0.2468,3
26,fi_306+issuer,2006,0.2491,3
26,fi_306+issuer,2007,0.2533,3
26,fi_306+issuer,2008,0.2552,3
27,fi_262+depositor,2002,0.2791,3
27,fi_262+depositor,2003,0.2769,3
27,fi_262+depositor,2004,0.2767,3
27,fi_262+depositor,2005,0.2834,3
27,fi_262+depositor,2006,0.2803,3
27,fi_262+depositor,2007,0.2759,3
27,fi_262+depositor,2008,0.2753,3
28,fi_153+servicer,2002,0.1528,3
28,fi_181+servicer,2003,0.1537,3
28,fi_306+securities-administrator,2004,0.1539,3
28,fi_306+securities-administrator,2005,0.1534,3
28,fi_153+servicer,2006,0.1484,3
28,fi_263+servicer,2007,0.146,3
28,fi_263+servicer,2008,0.145,3
29,fi_62+issuer,2002,0.0942,3
29,fi_62+issuer,2003,0.0947,3
29,fi_62+issuer,2004,0.0949,3
29,fi_62+issuer,2005,0.0958,3
29,fi_62+issuer,2006,0.0926,3
29,fi_62+issuer,2007,0.0936,3
29,fi_62+issuer,2008,0.0936,3
30,fi_125+servicer,2002,0.1364,3
30,fi_125+servicer,2003,0.1408,3
30,fi_72+issuer,2004,0.1427,3
30,fi_72+issuer,2005,0.1409,3
30,fi_72+issuer,2006,0.1425,3
30,fi_72+issuer,2007,0.1462,3
30,fi_72+issuer,2008,0.1462,3
1,fi_306+securities-administrator,2002,0.1897,4
1,fi_306+securities-administrator,2003,0.1918,4
1,fi_306+securities-administrator,2004,0.1951,4
1,fi_306+issuer,2005,0.1985,4
1,fi_306+issuer,2006,0.2016,4
1,fi_306+issuer,2007,0.2029,4
1,fi_306+issuer,2008,0.2037,4
2,fi_80+trustee,2002,0.2245,4
2,fi_80+trustee,2003,0.2216,4
2,fi_80+trustee,2004,0.2153,4
2,fi_80+trustee,2005,0.2047,4
2,fi_147+sponsor,2006,0.1924,4
2,fi_147+sponsor,2007,0.1872,4
2,fi_147+sponsor,2008,0.1877,4
3,fi_306+securities-administrator,2002,0.1163,4
3,fi_306+securities-administrator,2003,0.1161,4
3,fi_306+securities-administrator,2004,0.1158,4
3,fi_306+securities-administrator,2005,0.1152,4
3,fi_306+securities-administrator,2006,0.1141,4
3,fi_306+securities-administrator,2007,0.1135,4
3,fi_306+securities-administrator,2008,0.1135,4
4,fi_157+sponsor,2002,0.3018,4
4,fi_157+sponsor,2003,0.2937,4
4,fi_157+sponsor,2004,0.2684,4
4,fi_157+sponsor,2005,0.2248,4
4,fi_262+depositor,2006,0.1842,4
4,fi_262+depositor,2007,0.1634,4
4,fi_262+depositor,2008,0.1551,4
5,fi_110+issuer,2002,0.1815,4
5,fi_110+issuer,2003,0.1777,4
5,fi_110+issuer,2004,0.1721,4
5,fi_110+issuer,2005,0.1585,4
5,fi_110+issuer,2006,0.1397,4
5,fi_110+issuer,2007,0.1334,4
5,fi_110+issuer,2008,0.134,4
6,fi_18+issuer,2002,0.1139,4
6,fi_18+issuer,2003,0.1121,4
6,fi_18+issuer,2004,0.1089,4
6,fi_101+custodian,2005,0.1011,4
6,fi_101+custodian,2006,0.0957,4
6,fi_101+custodian,2007,0.0939,4
6,fi_101+custodian,2008,0.0938,4
7,fi_35+trustee,2002,0.2155,4
7,fi_71+depositor,2003,0.2189,4
7,fi_71+issuer,2004,0.2223,4
7,fi_71+issuer,2005,0.2237,4
7,fi_71+sponsor,2006,0.2254,4
7,fi_71+seller,2007,0.2253,4
7,fi_71+seller,2008,0.2242,4
8,fi_80+trustee,2002,0.2513,4
8,fi_80+trustee,2003,0.2233,4
8,fi_80+trustee,2004,0.1974,4
8,fi_80+trustee,2005,0.1777,4
8,fi_80+trustee,2006,0.1614,4
8,fi_80+trustee,2007,0.1514,4
8,fi_80+trustee,2008,0.149,4
9,fi_73+depositor,2002,0.078,4
9,fi_73+depositor,2003,0.0756,4
9,fi_73+depositor,2004,0.077,4
9,fi_73+depositor,2005,0.08,4
9,fi_300+issuer,2006,0.0808,4
9,fi_300+issuer,2007,0.083,4
9,fi_300+issuer,2008,0.0831,4
10,fi_80+trustee,2002,0.1176,4
10,fi_129+depositor,2003,0.1194,4
10,fi_129+depositor,2004,0.1234,4
10,fi_107+depositor,2005,0.1182,4
10,fi_107+depositor,2006,0.1072,4
10,fi_107+depositor,2007,0.1028,4
10,fi_107+depositor,2008,0.1029,4
11,fi_171+sponsor,2002,0.204,4
11,fi_171+sponsor,2003,0.2047,4
11,fi_171+sponsor,2004,0.1987,4
11,fi_171+sponsor,2005,0.1882,4
11,fi_171+seller,2006,0.1775,4
11,fi_171+seller,2007,0.1786,4
11,fi_171+seller,2008,0.1792,4
12,fi_306+servicer,2002,0.132,4
12,fi_306+servicer,2003,0.1309,4
12,fi_177+sponsor,2004,0.1282,4
12,fi_177+sponsor,2005,0.1339,4
12,fi_177+sponsor,2006,0.1364,4
12,fi_177+seller,2007,0.1343,4
12,fi_177+seller,2008,0.1341,4
13,fi_178+seller,2002,0.2669,4
13,fi_178+seller,2003,0.2515,4
13,fi_178+seller,2004,0.226,4
13,fi_178+seller,2005,0.2079,4
13,fi_303+depositor,2006,0.1958,4
13,fi_303+depositor,2007,0.1963,4
13,fi_303+depositor,2008,0.1973,4
14,fi_80+trustee,2002,0.2647,4
14,fi_80+trustee,2003,0.256,4
14,fi_80+trustee,2004,0.2368,4
14,fi_80+trustee,2005,0.2141,4
14,fi_89+insurer,2006,0.1958,4
14,fi_89+insurer,2007,0.1888,4
14,fi_89+insurer,2008,0.1879,4
15,fi_54+originator,2002,0.105,4
15,fi_54+originator,2003,0.1107,4
15,fi_54+originator,2004,0.1229,4
15,fi_54+originator,2005,0.1316,4
15,fi_54+originator,2006,0.1378,4
15,fi_54+originator,2007,0.1406,4
15,fi_54+originator,2008,0.1406,4
16,fi_51+depositor,2002,0.1442,4
16,fi_22+depositor,2003,0.1401,4
16,fi_22+depositor,2004,0.1332,4
16,fi_22+depositor,2005,0.1288,4
16,fi_22+depositor,2006,0.1281,4
16,fi_22+depositor,2007,0.1274,4
16,fi_22+depositor,2008,0.1275,4
17,fi_308+trustee,2002,0.2297,4
17,fi_308+trustee,2003,0.2282,4
17,fi_308+trustee,2004,0.2214,4
17,fi_308+trustee,2005,0.2131,4
17,fi_308+trustee,2006,0.2119,4
17,fi_308+trustee,2007,0.2294,4
17,fi_308+trustee,2008,0.2362,4
18,fi_80+depositor,2002,0.1668,4
18,fi_80+depositor,2003,0.1669,4
18,fi_80+depositor,2004,0.1652,4
18,fi_80+depositor,2005,0.1637,4
18,fi_80+sponsor,2006,0.1572,4
18,fi_80+sponsor,2007,0.1566,4
18,fi_80+sponsor,2008,0.1573,4
19,fi_87+seller,2002,0.1611,4
19,fi_87+seller,2003,0.1551,4
19,fi_87+seller,2004,0.144,4
19,fi_87+seller,2005,0.139,4
19,fi_87+sponsor,2006,0.1326,4
19,fi_41+depositor,2007,0.1354,4
19,fi_41+depositor,2008,0.136,4
20,fi_33+issuer,2002,0.264,4
20,fi_33+issuer,2003,0.248,4
20,fi_33+issuer,2004,0.2289,4
20,fi_33+issuer,2005,0.2249,4
20,fi_34+seller,2006,0.2368,4
20,fi_34+seller,2007,0.2393,4
20,fi_34+seller,2008,0.2413,4
21,fi_306+trustee,2002,0.1377,4
21,fi_306+trustee,2003,0.1329,4
21,fi_306+trustee,2004,0.1223,4
21,fi_306+trustee,2005,0.1201,4
21,fi_306+trustee,2006,0.1219,4
21,fi_306+trustee,2007,0.1221,4
21,fi_74+issuer,2008,0.1221,4
22,fi_306+trustee,2002,0.1877,4
22,fi_306+trustee,2003,0.1864,4
22,fi_306+trustee,2004,0.1811,4
22,fi_306+trustee,2005,0.1742,4
22,fi_109+originator,2006,0.1687,4
22,fi_306+trustee,2007,0.1653,4
22,fi_306+trustee,2008,0.1653,4
23,fi_129+seller,2002,0.109,4
23,fi_129+seller,2003,0.1105,4
23,fi_129+seller,2004,0.111,4
23,fi_129+seller,2005,0.1074,4
23,fi_129+seller,2006,0.1239,4
23,fi_129+seller,2007,0.1316,4
23,fi_129+seller,2008,0.1317,4
24,fi_270+sponsor,2002,0.192,4
24,fi_270+sponsor,2003,0.1877,4
24,fi_270+sponsor,2004,0.1765,4
24,fi_270+sponsor,2005,0.1648,4
24,fi_270+sponsor,2006,0.1566,4
24,fi_270+sponsor,2007,0.1624,4
24,fi_142+depositor,2008,0.1557,4
25,fi_308+trustee,2002,0.1206,4
25,fi_308+trustee,2003,0.1246,4
25,fi_308+trustee,2004,0.125,4
25,fi_308+trustee,2005,0.1314,4
25,fi_308+trustee,2006,0.1368,4
25,fi_308+trustee,2007,0.1399,4
25,fi_308+trustee,2008,0.1399,4
26,fi_303+trustee,2002,0.2865,4
26,fi_303+trustee,2003,0.268,4
26,fi_303+trustee,2004,0.2532,4
26,fi_303+trustee,2005,0.2468,4
26,fi_303+trustee,2006,0.2491,4
26,fi_303+trustee,2007,0.2533,4
26,fi_303+trustee,2008,0.2552,4
27,fi_153+trustee,2002,0.2791,4
27,fi_153+trustee,2003,0.2769,4
27,fi_153+trustee,2004,0.2767,4
27,fi_262+issuer,2005,0.2834,4
27,fi_262+issuer,2006,0.2803,4
27,fi_262+issuer,2007,0.2759,4
27,fi_262+issuer,2008,0.2753,4
28,fi_263+servicer,2002,0.1528,4
28,fi_306+securities-administrator,2003,0.1537,4
28,fi_181+servicer,2004,0.1539,4
28,fi_263+servicer,2005,0.1534,4
28,fi_74+depositor,2006,0.1484,4
28,fi_153+servicer,2007,0.146,4
28,fi_153+servicer,2008,0.145,4
29,fi_306+originator,2002,0.0942,4
29,fi_306+originator,2003,0.0947,4
29,fi_306+originator,2004,0.0949,4
29,fi_306+originator,2005,0.0958,4
29,fi_62+sponsor,2006,0.0926,4
29,fi_62+sponsor,2007,0.0936,4
29,fi_62+sponsor,2008,0.0936,4
30,fi_72+issuer,2002,0.1364,4
30,fi_72+issuer,2003,0.1408,4
30,fi_125+servicer,2004,0.1427,4
30,fi_125+servicer,2005,0.1409,4
30,fi_226+issuer,2006,0.1425,4
30,fi_226+issuer,2007,0.1462,4
30,fi_226+issuer,2008,0.1462,4
1,fi_306+issuer,2002,0.1897,5
1,fi_306+issuer,2003,0.1918,5
1,fi_306+issuer,2004,0.1951,5
1,fi_306+securities-administrator,2005,0.1985,5
1,fi_141+trustee,2006,0.2016,5
1,fi_141+trustee,2007,0.2029,5
1,fi_141+trustee,2008,0.2037,5
2,fi_147+sponsor,2002,0.2245,5
2,fi_147+sponsor,2003,0.2216,5
2,fi_147+sponsor,2004,0.2153,5
2,fi_147+sponsor,2005,0.2047,5
2,fi_80+trustee,2006,0.1924,5
2,fi_80+trustee,2007,0.1872,5
2,fi_80+trustee,2008,0.1877,5
3,fi_127+issuer,2002,0.1163,5
3,fi_127+issuer,2003,0.1161,5
3,fi_127+issuer,2004,0.1158,5
3,fi_127+issuer,2005,0.1152,5
3,fi_127+issuer,2006,0.1141,5
3,fi_127+issuer,2007,0.1135,5
3,fi_127+issuer,2008,0.1135,5
4,fi_262+issuer,2002,0.3018,5
4,fi_262+issuer,2003,0.2937,5
4,fi_262+issuer,2004,0.2684,5
4,fi_262+issuer,2005,0.2248,5
4,fi_262+issuer,2006,0.1842,5
4,fi_262+issuer,2007,0.1634,5
4,fi_262+issuer,2008,0.1551,5
5,fi_110+depositor,2002,0.1815,5
5,fi_110+depositor,2003,0.1777,5
5,fi_110+depositor,2004,0.1721,5
5,fi_110+depositor,2005,0.1585,5
5,fi_110+depositor,2006,0.1397,5
5,fi_110+depositor,2007,0.1334,5
5,fi_110+depositor,2008,0.134,5
6,fi_18+depositor,2002,0.1139,5
6,fi_18+depositor,2003,0.1121,5
6,fi_18+depositor,2004,0.1089,5
6,fi_18+depositor,2005,0.1011,5
6,fi_18+depositor,2006,0.0957,5
6,fi_18+depositor,2007,0.0939,5
6,fi_18+depositor,2008,0.0938,5
7,fi_71+issuer,2002,0.2155,5
7,fi_35+trustee,2003,0.2189,5
7,fi_35+trustee,2004,0.2223,5
7,fi_71+sponsor,2005,0.2237,5
7,fi_71+issuer,2006,0.2254,5
7,fi_71+issuer,2007,0.2253,5
7,fi_71+issuer,2008,0.2242,5
8,fi_160+issuer,2002,0.2513,5
8,fi_160+issuer,2003,0.2233,5
8,fi_160+issuer,2004,0.1974,5
8,fi_160+issuer,2005,0.1777,5
8,fi_160+issuer,2006,0.1614,5
8,fi_160+issuer,2007,0.1514,5
8,fi_160+issuer,2008,0.149,5
9,fi_306+trustee,2002,0.078,5
9,fi_306+trustee,2003,0.0756,5
9,fi_306+trustee,2004,0.077,5
9,fi_306+trustee,2005,0.08,5
9,fi_249+depositor,2006,0.0808,5
9,fi_82+sponsor,2007,0.083,5
9,fi_82+sponsor,2008,0.0831,5
10,fi_129+depositor,2002,0.1176,5
10,fi_80+trustee,2003,0.1194,5
10,fi_80+trustee,2004,0.1234,5
10,fi_80+trustee,2005,0.1182,5
10,fi_80+trustee,2006,0.1072,5
10,fi_80+trustee,2007,0.1028,5
10,fi_80+trustee,2008,0.1029,5
11,fi_188+servicer,2002,0.204,5
11,fi_188+servicer,2003,0.2047,5
11,fi_188+servicer,2004,0.1987,5
11,fi_309+servicer,2005,0.1882,5
11,fi_309+servicer,2006,0.1775,5
11,fi_309+servicer,2007,0.1786,5
11,fi_309+servicer,2008,0.1792,5
12,fi_177+sponsor,2002,0.132,5
12,fi_177+sponsor,2003,0.1309,5
12,fi_306+servicer,2004,0.1282,5
12,fi_306+servicer,2005,0.1339,5
12,fi_306+servicer,2006,0.1364,5
12,fi_306+servicer,2007,0.1343,5
12,fi_306+servicer,2008,0.1341,5
13,fi_303+depositor,2002,0.2669,5
13,fi_303+depositor,2003,0.2515,5
13,fi_303+depositor,2004,0.226,5
13,fi_303+depositor,2005,0.2079,5
13,fi_178+seller,2006,0.1958,5
13,fi_178+seller,2007,0.1963,5
13,fi_178+seller,2008,0.1973,5
14,fi_146+issuer,2002,0.2647,5
14,fi_146+issuer,2003,0.256,5
14,fi_89+insurer,2004,0.2368,5
14,fi_89+insurer,2005,0.2141,5
14,fi_80+trustee,2006,0.1958,5
14,fi_80+trustee,2007,0.1888,5
14,fi_80+trustee,2008,0.1879,5
15,fi_153+trustee,2002,0.105,5
15,fi_153+trustee,2003,0.1107,5
15,fi_308+issuer,2004,0.1229,5
15,fi_308+issuer,2005,0.1316,5
15,fi_308+issuer,2006,0.1378,5
15,fi_308+issuer,2007,0.1406,5
15,fi_308+issuer,2008,0.1406,5
16,fi_22+originator,2002,0.1442,5
16,fi_80+trustee,2003,0.1401,5
16,fi_80+trustee,2004,0.1332,5
16,fi_80+trustee,2005,0.1288,5
16,fi_22+originator,2006,0.1281,5
16,fi_22+originator,2007,0.1274,5
16,fi_22+originator,2008,0.1275,5
17,fi_134+issuer,2002,0.2297,5
17,fi_134+issuer,2003,0.2282,5
17,fi_134+issuer,2004,0.2214,5
17,fi_134+issuer,2005,0.2131,5
17,fi_153+trustee,2006,0.2119,5
17,fi_134+issuer,2007,0.2294,5
17,fi_134+issuer,2008,0.2362,5
18,fi_203+servicer,2002,0.1668,5
18,fi_203+servicer,2003,0.1669,5
18,fi_203+servicer,2004,0.1652,5
18,fi_141+trustee,2005,0.1637,5
18,fi_80+depositor,2006,0.1572,5
18,fi_80+depositor,2007,0.1566,5
18,fi_80+depositor,2008,0.1573,5
19,fi_87+sponsor,2002,0.1611,5
19,fi_87+sponsor,2003,0.1551,5
19,fi_87+sponsor,2004,0.144,5
19,fi_87+sponsor,2005,0.139,5
19,fi_87+seller,2006,0.1326,5
19,fi_87+seller,2007,0.1354,5
19,fi_87+seller,2008,0.136,5
20,fi_306+trustee,2002,0.264,5
20,fi_306+trustee,2003,0.248,5
20,fi_306+trustee,2004,0.2289,5
20,fi_306+trustee,2005,0.2249,5
20,fi_34+sponsor,2006,0.2368,5
20,fi_34+sponsor,2007,0.2393,5
20,fi_34+sponsor,2008,0.2413,5
21,fi_294+seller,2002,0.1377,5
21,fi_294+seller,2003,0.1329,5
21,fi_294+seller,2004,0.1223,5
21,fi_294+seller,2005,0.1201,5
21,fi_294+seller,2006,0.1219,5
21,fi_294+seller,2007,0.1221,5
21,fi_294+seller,2008,0.1221,5
22,fi_129+seller,2002,0.1877,5
22,fi_129+seller,2003,0.1864,5
22,fi_129+seller,2004,0.1811,5
22,fi_129+seller,2005,0.1742,5
22,fi_129+seller,2006,0.1687,5
22,fi_129+seller,2007,0.1653,5
22,fi_129+seller,2008,0.1653,5
23,fi_306+securities-administrator,2002,0.109,5
23,fi_306+securities-administrator,2003,0.1105,5
23,fi_306+securities-administrator,2004,0.111,5
23,fi_306+securities-administrator,2005,0.1074,5
23,fi_306+securities-administrator,2006,0.1239,5
23,fi_306+securities-administrator,2007,0.1316,5
23,fi_306+securities-administrator,2008,0.1317,5
24,fi_80+trustee,2002,0.192,5
24,fi_80+trustee,2003,0.1877,5
24,fi_142+depositor,2004,0.1765,5
24,fi_142+depositor,2005,0.1648,5
24,fi_142+depositor,2006,0.1566,5
24,fi_80+trustee,2007,0.1624,5
24,fi_270+sponsor,2008,0.1557,5
25,fi_150+issuer,2002,0.1206,5
25,fi_150+issuer,2003,0.1246,5
25,fi_150+issuer,2004,0.125,5
25,fi_150+issuer,2005,0.1314,5
25,fi_150+issuer,2006,0.1368,5
25,fi_150+issuer,2007,0.1399,5
25,fi_150+issuer,2008,0.1399,5
26,fi_306+custodian,2002,0.2865,5
26,fi_306+custodian,2003,0.268,5
26,fi_306+custodian,2004,0.2532,5
26,fi_306+custodian,2005,0.2468,5
26,fi_306+custodian,2006,0.2491,5
26,fi_306+custodian,2007,0.2533,5
26,fi_306+custodian,2008,0.2552,5
27,fi_87+seller,2002,0.2791,5
27,fi_87+seller,2003,0.2769,5
27,fi_262+issuer,2004,0.2767,5
27,fi_153+trustee,2005,0.2834,5
27,fi_153+trustee,2006,0.2803,5
27,fi_153+trustee,2007,0.2759,5
27,fi_153+trustee,2008,0.2753,5
28,fi_306+securities-administrator,2002,0.1528,5
28,fi_263+servicer,2003,0.1537,5
28,fi_263+servicer,2004,0.1539,5
28,fi_181+servicer,2005,0.1534,5
28,fi_263+servicer,2006,0.1484,5
28,fi_74+depositor,2007,0.146,5
28,fi_74+depositor,2008,0.145,5
29,fi_63+servicer,2002,0.0942,5
29,fi_63+servicer,2003,0.0947,5
29,fi_63+servicer,2004,0.0949,5
29,fi_62+sponsor,2005,0.0958,5
29,fi_306+originator,2006,0.0926,5
29,fi_306+originator,2007,0.0936,5
29,fi_306+originator,2008,0.0936,5
30,fi_125+seller,2002,0.1364,5
30,fi_125+seller,2003,0.1408,5
30,fi_125+seller,2004,0.1427,5
30,fi_226+issuer,2005,0.1409,5
30,fi_125+servicer,2006,0.1425,5
30,fi_125+servicer,2007,0.1462,5
30,fi_125+servicer,2008,0.1462,5
